{
    "accuracy": 0.856,
    "precision": 0.7641921397379913,
    "recall": 0.4278728606356968,
    "f1": 0.54858934169279
}